what,kind,bundleId,bundleVersion,description,time
started,bundle,org.eclipse.wst.ws.service.policy.ui,1.0.102.v200903070248,"org.eclipse.wst.ws.service.policy.ui",1302459011839
started,bundle,com.collabnet.subversion.merge,2.1.0,"com.collabnet.subversion.merge",1302459011839
started,bundle,org.eclipse.mylyn.commons.net,3.4.0.v20100608-0100-e3x,"org.eclipse.mylyn.commons.net",1302459011840
started,bundle,org.eclipse.mylyn.monitor.ui,3.4.0.v20100608-0100-e3x,"org.eclipse.mylyn.monitor.ui",1302459011841
started,bundle,org.tigris.subversion.clientadapter,1.6.12,"org.tigris.subversion.clientadapter",1302459011841
started,bundle,org.tigris.subversion.subclipse.core,1.6.12,"org.tigris.subversion.subclipse.core",1302459011841
started,bundle,org.tigris.subversion.subclipse.ui,1.6.12,"org.tigris.subversion.subclipse.ui",1302459011851
os,sysinfo,,,"linux",1302459011859
arch,sysinfo,,,"x86_64",1302459011860
ws,sysinfo,,,"gtk",1302459011860
locale,sysinfo,,,"de_DE",1302459011860
processors,sysinfo,,,"4",1302459011860
java.runtime.name,sysinfo,,,"Java(TM) SE Runtime Environment",1302459011860
java.runtime.version,sysinfo,,,"1.6.0_20-b02",1302459011860
java.specification.name,sysinfo,,,"Java Platform API Specification",1302459011860
java.specification.vendor,sysinfo,,,"Sun Microsystems Inc.",1302459011860
java.specification.version,sysinfo,,,"1.6",1302459011860
java.vendor,sysinfo,,,"Sun Microsystems Inc.",1302459011860
java.version,sysinfo,,,"1.6.0_20",1302459011860
java.vm.info,sysinfo,,,"mixed mode",1302459011860
java.vm.name,sysinfo,,,"Java HotSpot(TM) 64-Bit Server VM",1302459011860
java.vm.specification.name,sysinfo,,,"Java Virtual Machine Specification",1302459011860
java.vm.specification.vendor,sysinfo,,,"Sun Microsystems Inc.",1302459011860
java.vm.specification.version,sysinfo,,,"1.0",1302459011860
java.vm.vendor,sysinfo,,,"Sun Microsystems Inc.",1302459011860
java.vm.version,sysinfo,,,"16.3-b01",1302459011860
started,bundle,org.eclipse.mylyn.commons.ui,3.4.0.v20100608-0100-e3x,"org.eclipse.mylyn.commons.ui",1302459012027
started,bundle,org.eclipse.mylyn.bugzilla.core,3.4.0.v20100608-0100-e3x,"org.eclipse.mylyn.bugzilla.core",1302459012097
started,bundle,org.eclipse.jsch.core,1.1.100.I20090430-0408,"org.eclipse.jsch.core",1302459012150
started,bundle,org.eclipse.team.cvs.core,3.3.200.I20090430-0408,"org.eclipse.team.cvs.core",1302459012157
started,bundle,org.eclipse.mylyn.bugzilla.ui,3.4.0.v20100608-0100-e3x,"org.eclipse.mylyn.bugzilla.ui",1302459012190
started,bundle,org.eclipse.mylyn.context.core,3.4.0.v20100608-0100-e3x,"org.eclipse.mylyn.context.core",1302459012315
started,bundle,org.eclipse.mylyn.context.ui,3.4.0.v20100608-0100-e3x,"org.eclipse.mylyn.context.ui",1302459012372
started,bundle,org.eclipse.team.cvs.ui,3.3.202.r35x_20090930-0800,"org.eclipse.team.cvs.ui",1302459012384
started,bundle,org.eclipse.mylyn.tasks.ui,3.4.0.v20100608-0100-e3x,"org.eclipse.mylyn.tasks.ui",1302459012713
started,bundle,org.eclipse.mylyn.team.ui,3.4.0.v20100608-0100-e3x,"org.eclipse.mylyn.team.ui",1302459012725
started,bundle,org.tigris.subversion.subclipse.mylyn,3.0.0,"org.tigris.subversion.subclipse.mylyn",1302459012808
started,bundle,org.eclipse.epp.usagedata.ui,1.1.1.R201001291118,"org.eclipse.epp.usagedata.ui",1302459012945
started,bundle,org.eclipse.ltk.core.refactoring,3.5.0.v20090513-2000,"org.eclipse.ltk.core.refactoring",1302459056187
started,bundle,org.eclipse.ltk.ui.refactoring,3.4.101.r352_v20100209,"org.eclipse.ltk.ui.refactoring",1302459057247
started,bundle,org.eclipse.compare.core,3.5.0.I20090430-0408,"org.eclipse.compare.core",1302459057399
opened,editor,org.eclipse.jdt.ui,3.5.2.r352_v20100106-0800,"org.eclipse.jdt.ui.CompilationUnitEditor",1302459057459
started,bundle,org.eclipse.jst.common.project.facet.core,1.4.1.v200911141836,"org.eclipse.jst.common.project.facet.core",1302459057518
activated,editor,org.eclipse.jdt.ui,3.5.2.r352_v20100106-0800,"org.eclipse.jdt.ui.CompilationUnitEditor",1302459057805
activated,view,org.eclipse.jdt.ui,3.5.2.r352_v20100106-0800,"org.eclipse.jdt.ui.PackageExplorer",1302459057964
started,bundle,org.eclipse.jdt.apt.core,3.3.202.R35x_v20091130-2300,"org.eclipse.jdt.apt.core",1302459058436
started,bundle,org.eclipse.jdt.apt.pluggable.core,1.0.201.R35x_v20090925-1100,"org.eclipse.jdt.apt.pluggable.core",1302459058459
closed,workbench,org.eclipse.ui.workbench,3.5.2.M20100113-0800,"",1302459078769
stopped,bundle,org.eclipse.jst.ws.axis.creation.ui,1.0.406.v200903031852,"org.eclipse.jst.ws.axis.creation.ui",1302459079436
stopped,bundle,org.eclipse.jst.ws.axis.consumption.ui,1.0.405.v200901261650,"org.eclipse.jst.ws.axis.consumption.ui",1302459079457
stopped,bundle,org.eclipse.jst.ws.axis.consumption.core,1.0.306.v200810082309,"org.eclipse.jst.ws.axis.consumption.core",1302459079461
stopped,bundle,org.eclipse.jst.ws.axis2.creation.ui,1.0.103.v200807162242,"org.eclipse.jst.ws.axis2.creation.ui",1302459079473
stopped,bundle,org.eclipse.jst.ws.axis2.consumption.ui,1.0.102.v200807232000,"org.eclipse.jst.ws.axis2.consumption.ui",1302459079483
stopped,bundle,org.eclipse.jst.ws.axis2.creation.core,1.0.105.v200901220134,"org.eclipse.jst.ws.axis2.creation.core",1302459079493
stopped,bundle,org.eclipse.jst.ws.axis2.consumption.core,1.0.104.v200810151442,"org.eclipse.jst.ws.axis2.consumption.core",1302459079513
stopped,bundle,org.eclipse.jst.ws.axis2.ui,1.0.302.v200905260749,"org.eclipse.jst.ws.axis2.ui",1302459079513
stopped,bundle,org.eclipse.jst.ws.axis2.core,1.0.104.v200810151442,"org.eclipse.jst.ws.axis2.core",1302459079519
stopped,bundle,org.eclipse.jst.ws.creation.ui,1.0.409.v200911241856,"org.eclipse.jst.ws.creation.ui",1302459079530
stopped,bundle,org.eclipse.jst.ws.consumption.ui,1.1.106.v200911241851,"org.eclipse.jst.ws.consumption.ui",1302459079556
stopped,bundle,org.eclipse.jst.ws.consumption,1.0.408.v200911241817,"org.eclipse.jst.ws.consumption",1302459079577
stopped,bundle,org.eclipse.jst.ws.uddiregistry,1.0.400.v200901261650,"org.eclipse.jst.ws.uddiregistry",1302459079584
stopped,bundle,org.eclipse.jst.ws.ui,1.0.402.v200903111822,"org.eclipse.jst.ws.ui",1302459079616
stopped,bundle,org.eclipse.jst.ws,1.0.407.v200905191120,"org.eclipse.jst.ws",1302459079628
stopped,bundle,org.eclipse.wst.ws.explorer,1.0.408.v200911241806,"org.eclipse.wst.ws.explorer",1302459079647
stopped,bundle,org.eclipse.wst.wsdl.ui,1.2.202.v200904271449,"org.eclipse.wst.wsdl.ui",1302459079668
stopped,bundle,org.eclipse.wst.ws.ui,1.1.100.v200903112221,"org.eclipse.wst.ws.ui",1302459079675
stopped,bundle,org.eclipse.wst.wsi.ui,1.0.500.v200901141851,"org.eclipse.wst.wsi.ui",1302459079682
stopped,bundle,org.eclipse.wst.wsi,1.0.305.v200902181431,"org.eclipse.wst.wsi",1302459079701
stopped,bundle,org.eclipse.wst.ws,1.1.103.v200903111822,"org.eclipse.wst.ws",1302459079704
stopped,bundle,org.eclipse.jst.j2ee.webservice.ui,1.1.300.v200902052230,"org.eclipse.jst.j2ee.webservice.ui",1302459079705
stopped,bundle,org.eclipse.jst.j2ee.webservice,1.1.300.v200901220600,"org.eclipse.jst.j2ee.webservice",1302459079747
stopped,bundle,org.eclipse.wst.ws.parser,1.0.402.v200901220107,"org.eclipse.wst.ws.parser",1302459079761
stopped,bundle,commonj.sdo,2.1.1.v200905221342,"commonj.sdo",1302459079771
stopped,bundle,org.eclipse.datatools.enablement.oda.ws.ui,1.2.2.v201001260400,"org.eclipse.datatools.enablement.oda.ws.ui",1302459079774
stopped,bundle,org.eclipse.datatools.enablement.oda.ws,1.2.2.v201001131420,"org.eclipse.datatools.enablement.oda.ws",1302459079787
stopped,bundle,org.eclipse.wst.wsdl,1.2.2.v200911111930,"org.eclipse.wst.wsdl",1302459079791
stopped,bundle,org.eclipse.wst.wsdl.validation,1.1.402.v200911251542,"org.eclipse.wst.wsdl.validation",1302459079803
stopped,bundle,org.eclipse.wst.xsl.jaxp.debug.ui,1.0.0.v200904240436,"org.eclipse.wst.xsl.jaxp.debug.ui",1302459079812
stopped,bundle,org.eclipse.wst.xsl.ui,1.0.100.v200907172129,"org.eclipse.wst.xsl.ui",1302459079822
stopped,bundle,org.eclipse.wst.xml.xpath.ui,1.0.0.v200904240436,"org.eclipse.wst.xml.xpath.ui",1302459079835
stopped,bundle,org.eclipse.wst.xsl.debug.ui,1.0.0.v200904240436,"org.eclipse.wst.xsl.debug.ui",1302459079846
stopped,bundle,org.eclipse.wst.xsl.jaxp.launching,1.0.0.v200904240436,"org.eclipse.wst.xsl.jaxp.launching",1302459079848
stopped,bundle,org.eclipse.wst.xsl.launching,1.0.0.v200904241348,"org.eclipse.wst.xsl.launching",1302459079857
stopped,bundle,org.eclipse.wst.xsl.core,1.0.1.v200908101420,"org.eclipse.wst.xsl.core",1302459079859
stopped,bundle,org.eclipse.datatools.enablement.oda.xml.ui,1.2.1.v201001191820,"org.eclipse.datatools.enablement.oda.xml.ui",1302459079860
stopped,bundle,org.eclipse.datatools.enablement.oda.xml,1.2.1.v201001151620,"org.eclipse.datatools.enablement.oda.xml",1302459079860
stopped,bundle,org.eclipse.jst.jsf.apache.trinidad.tagsupport,1.1.0.v20090525,"org.eclipse.jst.jsf.apache.trinidad.tagsupport",1302459079869
stopped,bundle,org.eclipse.jst.jsf.facesconfig.ui,1.1.6.v20100203,"org.eclipse.jst.jsf.facesconfig.ui",1302459079884
stopped,bundle,org.eclipse.jst.jsf.ui,1.2.3.v201001271707,"org.eclipse.jst.jsf.ui",1302459079906
stopped,bundle,org.eclipse.jst.pagedesigner.jsf.ui,1.1.4.v20100203,"org.eclipse.jst.pagedesigner.jsf.ui",1302459079928
stopped,bundle,org.eclipse.jst.pagedesigner,1.2.3.v20100211,"org.eclipse.jst.pagedesigner",1302459080040
stopped,bundle,org.eclipse.jst.jsf.core,1.2.5.v201001271707,"org.eclipse.jst.jsf.core",1302459080040
stopped,bundle,org.eclipse.jst.jsf.common.ui,1.1.1.v20081209,"org.eclipse.jst.jsf.common.ui",1302459080058
stopped,bundle,org.eclipse.jst.jsf.standard.tagsupport,1.1.205.v201002101327,"org.eclipse.jst.jsf.standard.tagsupport",1302459080068
stopped,bundle,org.eclipse.jst.pagedesigner.jsp.core,1.1.3.v201002111131,"org.eclipse.jst.pagedesigner.jsp.core",1302459080097
stopped,bundle,org.eclipse.jst.jsf.common,1.1.9.v201001271707,"org.eclipse.jst.jsf.common",1302459080097
stopped,bundle,org.eclipse.wst.jsdt.web.support.jsp,1.0.200.v200904140255,"org.eclipse.wst.jsdt.web.support.jsp",1302459080108
stopped,bundle,org.eclipse.jst.jsp.ui,1.1.401.v200908111935,"org.eclipse.jst.jsp.ui",1302459080130
stopped,bundle,org.eclipse.jst.jsp.core,1.2.204.v201001270045,"org.eclipse.jst.jsp.core",1302459080151
stopped,bundle,org.eclipse.wst.jsdt.web.ui,1.0.201.v2010012803,"org.eclipse.wst.jsdt.web.ui",1302459080173
stopped,bundle,org.eclipse.jpt.eclipselink.ui,1.2.0.v200905310000,"org.eclipse.jpt.eclipselink.ui",1302459080232
stopped,bundle,org.eclipse.jpt.ui,2.2.2.v200911250220,"org.eclipse.jpt.ui",1302459080260
stopped,bundle,org.eclipse.jst.j2ee.ejb.annotations.ui,1.1.102.v200805140020,"org.eclipse.jst.j2ee.ejb.annotations.ui",1302459080268
stopped,bundle,org.eclipse.jst.ejb.ui,1.1.301.v200908131325,"org.eclipse.jst.ejb.ui",1302459080289
stopped,bundle,org.eclipse.jst.servlet.ui,1.1.301.v200908101600,"org.eclipse.jst.servlet.ui",1302459080309
stopped,bundle,org.eclipse.jst.jee.ui,1.0.201.v201002021208,"org.eclipse.jst.jee.ui",1302459080309
stopped,bundle,org.eclipse.jst.j2ee.navigator.ui,1.1.301.v201001252130,"org.eclipse.jst.j2ee.navigator.ui",1302459080311
stopped,bundle,org.eclipse.jst.j2ee.jca.ui,1.1.300.v200809052300,"org.eclipse.jst.j2ee.jca.ui",1302459080318
stopped,bundle,org.eclipse.jst.j2ee.ui,1.1.301.v201001252130,"org.eclipse.jst.j2ee.ui",1302459080324
stopped,bundle,org.eclipse.wst.web.ui,1.1.301.v201001252130,"org.eclipse.wst.web.ui",1302459080324
stopped,bundle,org.eclipse.wst.html.ui,1.0.401.v200908111935,"org.eclipse.wst.html.ui",1302459080336
stopped,bundle,org.eclipse.wst.css.ui,1.0.401.v200907171457,"org.eclipse.wst.css.ui",1302459080358
stopped,bundle,org.eclipse.wst.jsdt.web.core,1.0.201.v201001221931,"org.eclipse.wst.jsdt.web.core",1302459080379
stopped,bundle,org.eclipse.wst.html.core,1.1.300.v200903120608,"org.eclipse.wst.html.core",1302459080398
stopped,bundle,org.eclipse.wst.css.core,1.1.301.v200910161432,"org.eclipse.wst.css.core",1302459080421
stopped,bundle,org.eclipse.jpt.eclipselink.core,1.2.0.v200905310000,"org.eclipse.jpt.eclipselink.core",1302459080443
stopped,bundle,org.eclipse.jpt.core,2.2.1.v200908270220,"org.eclipse.jpt.core",1302459080469
stopped,bundle,org.eclipse.jst.j2ee.xdoclet.runtime,1.1.102.v200805140135,"org.eclipse.jst.j2ee.xdoclet.runtime",1302459080476
stopped,bundle,org.eclipse.jst.j2ee.ejb.annotations.xdoclet,1.2.0.v200805140020,"org.eclipse.jst.j2ee.ejb.annotations.xdoclet",1302459080489
stopped,bundle,org.eclipse.jst.j2ee.ejb.annotations.emitter,1.1.102.v200805140135,"org.eclipse.jst.j2ee.ejb.annotations.emitter",1302459080491
stopped,bundle,org.eclipse.jst.j2ee.ejb.annotation.model,1.1.102.v200805140020,"org.eclipse.jst.j2ee.ejb.annotation.model",1302459080496
stopped,bundle,org.eclipse.jst.jee.ejb,1.0.201.v201002021057,"org.eclipse.jst.jee.ejb",1302459080504
stopped,bundle,org.eclipse.jst.j2ee.ejb,1.1.301.v201001252130,"org.eclipse.jst.j2ee.ejb",1302459080529
stopped,bundle,org.eclipse.jst.jee.web,1.0.201.v201002031231,"org.eclipse.jst.jee.web",1302459080540
stopped,bundle,org.eclipse.jst.j2ee.web,1.1.301.v200911302230,"org.eclipse.jst.j2ee.web",1302459080562
stopped,bundle,org.eclipse.jst.jee,1.0.201.v201002021055,"org.eclipse.jst.jee",1302459080570
stopped,bundle,org.eclipse.jst.j2ee.jca,1.1.301.v201001252130,"org.eclipse.jst.j2ee.jca",1302459080579
stopped,bundle,org.eclipse.jst.jsf.facesconfig,1.1.3.v20090902,"org.eclipse.jst.jsf.facesconfig",1302459080598
stopped,bundle,org.eclipse.jst.j2ee,1.1.301.v201001272230,"org.eclipse.jst.j2ee",1302459080622
stopped,bundle,org.eclipse.jst.j2ee.core,1.1.301.v200911302230,"org.eclipse.jst.j2ee.core",1302459080634
stopped,bundle,org.eclipse.wst.dtd.ui,1.0.400.v200904300717,"org.eclipse.wst.dtd.ui",1302459080646
stopped,bundle,org.eclipse.wst.dtd.core,1.1.300.v200904181727,"org.eclipse.wst.dtd.core",1302459080657
stopped,bundle,org.eclipse.wst.xsd.ui,1.2.204.v200909021537,"org.eclipse.wst.xsd.ui",1302459080673
stopped,bundle,org.eclipse.wst.xml.ui,1.1.2.v201001222130,"org.eclipse.wst.xml.ui",1302459080673
stopped,bundle,org.eclipse.wst.xsd.core,1.1.401.v200903020335,"org.eclipse.wst.xsd.core",1302459080685
stopped,bundle,org.eclipse.wst.xml.core,1.1.402.v201001222130,"org.eclipse.wst.xml.core",1302459080697
stopped,bundle,org.eclipse.wst.xml.xpath2.processor,1.0.0.v200905300355,"org.eclipse.wst.xml.xpath2.processor",1302459080708
stopped,bundle,org.eclipse.help.webapp,3.4.1.v20091009_35x,"org.eclipse.help.webapp",1302459080728
stopped,bundle,org.eclipse.equinox.jsp.jasper.registry,1.0.100.v20090520-1800,"org.eclipse.equinox.jsp.jasper.registry",1302459080741
stopped,bundle,org.eclipse.equinox.jsp.jasper,1.0.200.v20090520-1800,"org.eclipse.equinox.jsp.jasper",1302459080747
stopped,bundle,org.eclipse.datatools.enablement.hsqldb.ui,1.0.0.v200906020900,"org.eclipse.datatools.enablement.hsqldb.ui",1302459080749
stopped,bundle,org.eclipse.datatools.enablement.ingres.ui,1.0.0.v200906111150,"org.eclipse.datatools.enablement.ingres.ui",1302459080770
stopped,bundle,org.eclipse.datatools.enablement.postgresql.ui,1.0.0.v200906020900,"org.eclipse.datatools.enablement.postgresql.ui",1302459080773
stopped,bundle,org.eclipse.datatools.enablement.sqlite.ui,1.0.0.v200906020900,"org.eclipse.datatools.enablement.sqlite.ui",1302459080786
activated,perspective,org.eclipse.jdt.ui,,"org.eclipse.jdt.ui.JavaPerspective",1302460401476
started,bundle,org.eclipse.osgi,3.5.2.R35x_v20100126,"org.eclipse.osgi",1302460401477
started,bundle,org.eclipse.equinox.simpleconfigurator,1.0.101.R35x_v20090807-1100,"org.eclipse.equinox.simpleconfigurator",1302460401477
started,bundle,com.ibm.icu,4.0.1.v20090822,"com.ibm.icu",1302460401477
started,bundle,org.eclipse.compare,3.5.2.r35x_20100113-0800,"org.eclipse.compare",1302460401478
started,bundle,org.eclipse.core.contenttype,3.4.1.R35x_v20090826-0451,"org.eclipse.core.contenttype",1302460401479
started,bundle,org.eclipse.core.databinding.observable,1.2.0.M20090902-0800,"org.eclipse.core.databinding.observable",1302460401479
started,bundle,org.eclipse.core.expressions,3.4.101.R35x_v20100209,"org.eclipse.core.expressions",1302460401479
started,bundle,org.eclipse.core.filebuffers,3.5.0.v20090526-2000,"org.eclipse.core.filebuffers",1302460401480
started,bundle,org.eclipse.core.filesystem,1.2.1.R35x_v20091203-1235,"org.eclipse.core.filesystem",1302460401480
started,bundle,org.eclipse.core.jobs,3.4.100.v20090429-1800,"org.eclipse.core.jobs",1302460401481
started,bundle,org.eclipse.core.net,1.2.1.r35x_20090812-1200,"org.eclipse.core.net",1302460401481
started,bundle,org.eclipse.core.resources,3.5.2.R35x_v20091203-1235,"org.eclipse.core.resources",1302460401481
started,bundle,org.eclipse.core.runtime,3.5.0.v20090525,"org.eclipse.core.runtime",1302460401482
started,bundle,org.eclipse.core.runtime.compatibility,3.2.0.v20090413,"org.eclipse.core.runtime.compatibility",1302460401482
started,bundle,org.eclipse.core.runtime.compatibility.auth,3.2.100.v20090413,"org.eclipse.core.runtime.compatibility.auth",1302460401482
started,bundle,org.eclipse.debug.core,3.5.1.v20091103_r352,"org.eclipse.debug.core",1302460401483
started,bundle,org.eclipse.ecf,3.0.0.v20090831-1906,"org.eclipse.ecf",1302460401483
started,bundle,org.eclipse.ecf.filetransfer,3.0.0.v20090831-1906,"org.eclipse.ecf.filetransfer",1302460401484
started,bundle,org.eclipse.ecf.identity,3.0.0.v20090831-1906,"org.eclipse.ecf.identity",1302460401484
started,bundle,org.eclipse.ecf.provider.filetransfer,3.0.1.v20090831-1906,"org.eclipse.ecf.provider.filetransfer",1302460401484
started,bundle,org.eclipse.ecf.provider.filetransfer.httpclient,3.0.1.v20090831-1906,"org.eclipse.ecf.provider.filetransfer.httpclient",1302460401485
started,bundle,org.eclipse.emf.common,2.5.0.v200906151043,"org.eclipse.emf.common",1302460401485
started,bundle,org.eclipse.emf.ecore,2.5.0.v200906151043,"org.eclipse.emf.ecore",1302460401485
started,bundle,org.eclipse.epp.usagedata.gathering,1.1.1.R201001291118,"org.eclipse.epp.usagedata.gathering",1302460401485
started,bundle,org.eclipse.epp.usagedata.recording,1.1.1.R201001291118,"org.eclipse.epp.usagedata.recording",1302460401486
started,bundle,org.eclipse.equinox.app,1.2.1.R35x_v20091203,"org.eclipse.equinox.app",1302460401486
started,bundle,org.eclipse.equinox.common,3.5.1.R35x_v20090807-1100,"org.eclipse.equinox.common",1302460401486
started,bundle,org.eclipse.equinox.ds,1.1.1.R35x_v20090806,"org.eclipse.equinox.ds",1302460401487
started,bundle,org.eclipse.equinox.frameworkadmin,1.0.100.v20090520-1905,"org.eclipse.equinox.frameworkadmin",1302460401487
started,bundle,org.eclipse.equinox.frameworkadmin.equinox,1.0.101.R35x_v20091214,"org.eclipse.equinox.frameworkadmin.equinox",1302460401487
started,bundle,org.eclipse.equinox.p2.core,1.0.101.R35x_v20090819,"org.eclipse.equinox.p2.core",1302460401488
started,bundle,org.eclipse.equinox.p2.director,1.0.101.R35x_v20100112,"org.eclipse.equinox.p2.director",1302460401488
started,bundle,org.eclipse.equinox.p2.directorywatcher,1.0.100.v20090525,"org.eclipse.equinox.p2.directorywatcher",1302460401488
started,bundle,org.eclipse.equinox.p2.engine,1.0.102.R35x_v20091117,"org.eclipse.equinox.p2.engine",1302460401489
started,bundle,org.eclipse.equinox.p2.exemplarysetup,1.0.100.v20090520-1905,"org.eclipse.equinox.p2.exemplarysetup",1302460401489
started,bundle,org.eclipse.equinox.p2.garbagecollector,1.0.100.v20090520-1905,"org.eclipse.equinox.p2.garbagecollector",1302460401489
started,bundle,org.eclipse.equinox.p2.metadata.repository,1.0.101.R35x_v20090812,"org.eclipse.equinox.p2.metadata.repository",1302460401490
started,bundle,org.eclipse.equinox.p2.reconciler.dropins,1.0.100.v20090520-1905,"org.eclipse.equinox.p2.reconciler.dropins",1302460401490
started,bundle,org.eclipse.equinox.p2.repository,1.0.1.R35x_v20100105,"org.eclipse.equinox.p2.repository",1302460401491
started,bundle,org.eclipse.equinox.p2.ui.sdk.scheduler,1.0.0.v20090520-1905,"org.eclipse.equinox.p2.ui.sdk.scheduler",1302460401491
started,bundle,org.eclipse.equinox.p2.updatechecker,1.1.0.v20090520-1905,"org.eclipse.equinox.p2.updatechecker",1302460401491
started,bundle,org.eclipse.equinox.preferences,3.2.301.R35x_v20091117,"org.eclipse.equinox.preferences",1302460401492
started,bundle,org.eclipse.equinox.registry,3.4.100.v20090520-1800,"org.eclipse.equinox.registry",1302460401492
started,bundle,org.eclipse.equinox.security,1.0.100.v20090520-1800,"org.eclipse.equinox.security",1302460401492
started,bundle,org.eclipse.equinox.simpleconfigurator.manipulator,1.0.101.R35x_v20100209,"org.eclipse.equinox.simpleconfigurator.manipulator",1302460401493
started,bundle,org.eclipse.equinox.util,1.0.100.v20090520-1800,"org.eclipse.equinox.util",1302460401493
started,bundle,org.eclipse.help,3.4.1.v20090805_35x,"org.eclipse.help",1302460401494
started,bundle,org.eclipse.jdt.core,3.5.2.v_981_R35x,"org.eclipse.jdt.core",1302460401494
started,bundle,org.eclipse.jdt.core.manipulation,1.3.0.v20090603,"org.eclipse.jdt.core.manipulation",1302460401494
started,bundle,org.eclipse.jdt.launching,3.5.1.v20100108_r352,"org.eclipse.jdt.launching",1302460401495
started,bundle,org.eclipse.jdt.ui,3.5.2.r352_v20100106-0800,"org.eclipse.jdt.ui",1302460401497
started,bundle,org.eclipse.jem.util,2.0.201.v201001252130,"org.eclipse.jem.util",1302460401498
started,bundle,org.eclipse.jface,3.5.2.M20100120-0800,"org.eclipse.jface",1302460401498
started,bundle,org.eclipse.jsch.core,1.1.100.I20090430-0408,"org.eclipse.jsch.core",1302460401498
started,bundle,org.eclipse.jst.jsf.common,1.1.9.v201001271707,"org.eclipse.jst.jsf.common",1302460401499
started,bundle,org.eclipse.jst.jsf.core,1.2.5.v201001271707,"org.eclipse.jst.jsf.core",1302460401499
started,bundle,org.eclipse.pde.ui,3.5.1.v201001121200,"org.eclipse.pde.ui",1302460401500
started,bundle,org.eclipse.search,3.5.1.r351_v20090708-0800,"org.eclipse.search",1302460401501
started,bundle,org.eclipse.team.core,3.5.1.r35x_20100113-0800,"org.eclipse.team.core",1302460401501
started,bundle,org.eclipse.team.cvs.core,3.3.200.I20090430-0408,"org.eclipse.team.cvs.core",1302460401502
started,bundle,org.eclipse.team.cvs.ui,3.3.202.r35x_20090930-0800,"org.eclipse.team.cvs.ui",1302460401502
started,bundle,org.eclipse.team.ui,3.5.0.I20090430-0408,"org.eclipse.team.ui",1302460401503
started,bundle,org.eclipse.ui,3.5.2.M20100120-0800,"org.eclipse.ui",1302460401504
started,bundle,org.eclipse.ui.console,3.4.0.v20090513,"org.eclipse.ui.console",1302460401504
started,bundle,org.eclipse.ui.editors,3.5.0.v20090527-2000,"org.eclipse.ui.editors",1302460401505
started,bundle,org.eclipse.ui.forms,3.4.1.v20090714_35x,"org.eclipse.ui.forms",1302460401505
started,bundle,org.eclipse.ui.ide,3.5.2.M20100113-0800,"org.eclipse.ui.ide",1302460401506
started,bundle,org.eclipse.ui.net,1.2.1.r35x_20090812-1200,"org.eclipse.ui.net",1302460401506
started,bundle,org.eclipse.ui.views,3.4.1.M20090826-0800,"org.eclipse.ui.views",1302460401507
started,bundle,org.eclipse.ui.views.log,1.0.100.v20090731,"org.eclipse.ui.views.log",1302460401507
started,bundle,org.eclipse.ui.workbench,3.5.2.M20100113-0800,"org.eclipse.ui.workbench",1302460401508
started,bundle,org.eclipse.ui.workbench.texteditor,3.5.1.r352_v20100105,"org.eclipse.ui.workbench.texteditor",1302460401508
started,bundle,org.eclipse.update.configurator,3.3.0.v20090312,"org.eclipse.update.configurator",1302460401509
started,bundle,org.eclipse.update.core,3.2.300.v20090525,"org.eclipse.update.core",1302460401509
started,bundle,org.eclipse.update.scheduler,3.2.200.v20081127,"org.eclipse.update.scheduler",1302460401510
started,bundle,org.eclipse.wst.common.frameworks,1.1.300.v200904160730,"org.eclipse.wst.common.frameworks",1302460401510
started,bundle,org.eclipse.wst.common.project.facet.core,1.4.1.v200911141735,"org.eclipse.wst.common.project.facet.core",1302460401510
started,bundle,org.eclipse.wst.web,1.1.301.v200911302230,"org.eclipse.wst.web",1302460401511
started,bundle,org.eclipse.wst.ws.service.policy.ui,1.0.102.v200903070248,"org.eclipse.wst.ws.service.policy.ui",1302460401511
started,bundle,com.collabnet.subversion.merge,2.1.0,"com.collabnet.subversion.merge",1302460401511
started,bundle,org.eclipse.mylyn.bugzilla.core,3.4.0.v20100608-0100-e3x,"org.eclipse.mylyn.bugzilla.core",1302460401511
started,bundle,org.eclipse.mylyn.bugzilla.ui,3.4.0.v20100608-0100-e3x,"org.eclipse.mylyn.bugzilla.ui",1302460401512
started,bundle,org.eclipse.mylyn.commons.net,3.4.0.v20100608-0100-e3x,"org.eclipse.mylyn.commons.net",1302460401512
started,bundle,org.eclipse.mylyn.commons.ui,3.4.0.v20100608-0100-e3x,"org.eclipse.mylyn.commons.ui",1302460401512
started,bundle,org.eclipse.mylyn.context.core,3.4.0.v20100608-0100-e3x,"org.eclipse.mylyn.context.core",1302460401513
started,bundle,org.eclipse.mylyn.context.ui,3.4.0.v20100608-0100-e3x,"org.eclipse.mylyn.context.ui",1302460401513
started,bundle,org.eclipse.mylyn.monitor.ui,3.4.0.v20100608-0100-e3x,"org.eclipse.mylyn.monitor.ui",1302460401513
started,bundle,org.eclipse.mylyn.tasks.ui,3.4.0.v20100608-0100-e3x,"org.eclipse.mylyn.tasks.ui",1302460401514
started,bundle,org.eclipse.mylyn.team.ui,3.4.0.v20100608-0100-e3x,"org.eclipse.mylyn.team.ui",1302460401514
started,bundle,org.tigris.subversion.clientadapter,1.6.12,"org.tigris.subversion.clientadapter",1302460401514
started,bundle,org.tigris.subversion.subclipse.core,1.6.12,"org.tigris.subversion.subclipse.core",1302460401514
started,bundle,org.tigris.subversion.subclipse.mylyn,3.0.0,"org.tigris.subversion.subclipse.mylyn",1302460401514
started,bundle,org.tigris.subversion.subclipse.ui,1.6.12,"org.tigris.subversion.subclipse.ui",1302460401515
os,sysinfo,,,"linux",1302460401518
arch,sysinfo,,,"x86_64",1302460401518
ws,sysinfo,,,"gtk",1302460401518
locale,sysinfo,,,"de_DE",1302460401518
processors,sysinfo,,,"4",1302460401518
java.runtime.name,sysinfo,,,"Java(TM) SE Runtime Environment",1302460401518
